-- MySQL dump 10.13  Distrib 5.5.32, for Win32 (x86)
--
-- Host: localhost    Database: hms
-- ------------------------------------------------------
-- Server version	5.5.32

/*!40101 SET @OLD_CHARACTER_SET_CLIENT=@@CHARACTER_SET_CLIENT */;
/*!40101 SET @OLD_CHARACTER_SET_RESULTS=@@CHARACTER_SET_RESULTS */;
/*!40101 SET @OLD_COLLATION_CONNECTION=@@COLLATION_CONNECTION */;
/*!40101 SET NAMES utf8 */;
/*!40103 SET @OLD_TIME_ZONE=@@TIME_ZONE */;
/*!40103 SET TIME_ZONE='+00:00' */;
/*!40014 SET @OLD_UNIQUE_CHECKS=@@UNIQUE_CHECKS, UNIQUE_CHECKS=0 */;
/*!40014 SET @OLD_FOREIGN_KEY_CHECKS=@@FOREIGN_KEY_CHECKS, FOREIGN_KEY_CHECKS=0 */;
/*!40101 SET @OLD_SQL_MODE=@@SQL_MODE, SQL_MODE='NO_AUTO_VALUE_ON_ZERO' */;
/*!40111 SET @OLD_SQL_NOTES=@@SQL_NOTES, SQL_NOTES=0 */;

--
-- Table structure for table `customer`
--

DROP TABLE IF EXISTS `customer`;
/*!40101 SET @saved_cs_client     = @@character_set_client */;
/*!40101 SET character_set_client = utf8 */;
CREATE TABLE `customer` (
  `id` int(10) unsigned NOT NULL AUTO_INCREMENT,
  `identification` varchar(45) DEFAULT NULL,
  `name` varchar(45) DEFAULT NULL,
  `address` varchar(45) DEFAULT NULL,
  `phone` varchar(45) DEFAULT NULL,
  `email` varchar(45) DEFAULT NULL,
  `type` varchar(45) DEFAULT NULL,
  `ccard` varchar(45) DEFAULT NULL,
  `ccardtype` varchar(45) DEFAULT NULL,
  PRIMARY KEY (`id`),
  UNIQUE KEY `phone_UNIQUE` (`phone`)
) ENGINE=InnoDB AUTO_INCREMENT=168 DEFAULT CHARSET=latin1;
/*!40101 SET character_set_client = @saved_cs_client */;

--
-- Dumping data for table `customer`
--

LOCK TABLES `customer` WRITE;
/*!40000 ALTER TABLE `customer` DISABLE KEYS */;
INSERT INTO `customer` VALUES (3,'63456914','Rowena Carbaugh','12 dast rd','100414','Rowena_Carbaugh@gmail.com','Guest',NULL,NULL),(4,'33868421','Dori Mike','2/4 ssaa st','108043','Dori_Morlan@gmail.com','Guest',NULL,NULL),(5,'68971365','Annabelle Maclachlan',NULL,'138972','Annabelle_Maclachlan@gmail.com','Guest',NULL,NULL),(7,'49343755','Nanci Acebedo',NULL,'136765','Nanci_Acebedo@gmail.com','Guest',NULL,NULL),(8,'36964072','Merlyn Tea',NULL,'171619','Merlyn_Tea@gmail.com','Guest',NULL,NULL),(9,'26789099','Brandy Attwood',NULL,'147799','Brandy_Attwood@gmail.com','Guest',NULL,NULL),(10,'13053280','Maegan Schroer',NULL,'124141','Maegan_Schroer@gmail.com','Guest',NULL,NULL),(11,'74899105','Kenyetta Metayer',NULL,'177305','Kenyetta_Metayer@gmail.com','Guest',NULL,NULL),(12,'25335693','Valeria Lawless',NULL,'114107','Valeria_Lawless@gmail.com','Guest',NULL,NULL),(13,'91981151','Trent Cannella',NULL,'138618','Trent_Cannella@gmail.com','Guest',NULL,NULL),(14,'73898683','Devon Melgoza',NULL,'150769','Devon_Melgoza@gmail.com','Guest',NULL,NULL),(15,'83549967','Raelene Keese',NULL,'137994','Raelene_Keese@gmail.com','Guest',NULL,NULL),(16,'86053792','Barbar Averill',NULL,'137662','Barbar_Averill@gmail.com','Guest',NULL,NULL),(17,'69619060','Alia Loeb',NULL,'174331','Alia_Loeb@gmail.com','Guest',NULL,NULL),(18,'79933929','Norine Ghent',NULL,'158671','Norine_Ghent@gmail.com','Guest',NULL,NULL),(20,'54260574','Rochell Orso',NULL,'175792','Rochell_Orso@gmail.com','Guest',NULL,NULL),(21,'18865457','Johnson Scott',NULL,'167881','Johnson_Scott@gmail.com','Guest',NULL,NULL),(22,'21545566','Karine Goshorn',NULL,'112028','Karine_Goshorn@gmail.com','Guest',NULL,NULL),(23,'41131462','Clemmie Mahle',NULL,'156496','Clemmie_Mahle@gmail.com','Guest',NULL,NULL),(24,'31020616','Roxane Casillas',NULL,'146401','Roxane_Casillas@gmail.com','Guest',NULL,NULL),(25,'21708701','Aundrea Preece',NULL,'162517','Aundrea_Preece@gmail.com','Guest',NULL,NULL),(26,'105481656','Maryanna Cousineau',NULL,'173381','Maryanna_Cousineau@gmail.com','Guest',NULL,NULL),(27,'52282185','Sarita Green',NULL,'179357','Sarita_Hatter@gmail.com','Guest',NULL,NULL),(29,'107983247','Dwana Dragon',NULL,'145155','Dwana_Dragon@gmail.com','Guest',NULL,NULL),(30,'25018362','Kristle Badgett',NULL,'195838','Kristle_Badgett@gmail.com','Guest',NULL,NULL),(31,'91142072','Jama Stengel',NULL,'143731','Jama_Stengel@gmail.com','Member',NULL,NULL),(32,'70655281','Rolande Keeter',NULL,'131138','Rolande_Keeter@gmail.com','Member',NULL,NULL),(33,'69850191','Nery Russel',NULL,'124499','Nery_Russel@gmail.com','Member',NULL,NULL),(34,'27285117','Neda Pinner',NULL,'129083','Neda_Pinner@gmail.com','Member',NULL,NULL),(35,'16875016','Kym Hanshaw',NULL,'171918','Kym_Hanshaw@gmail.com','Member',NULL,NULL),(36,'92519732','Kelsey Morello',NULL,'172342','Kelsey_Morello@gmail.com','Member',NULL,NULL),(37,'101973616','Tempie Marenco',NULL,'145956','Tempie_Marenco@gmail.com','Member',NULL,NULL),(38,'22308891','Willa Rolfe',NULL,'112757','Willa_Rolfe@gmail.com','Member',NULL,NULL),(39,'95623605','Lucius Beyer',NULL,'125916','Lucius_Beyer@gmail.com','Member',NULL,NULL),(40,'101191361','Estefana Paylor',NULL,'191310','Estefana_Paylor@gmail.com','Member',NULL,NULL),(41,'109085994','Tess Houchins',NULL,'178807','Tess_Houchins@gmail.com','Member',NULL,NULL),(42,'31855894','Clotilde Couturier',NULL,'120105','Clotilde_Couturier@gmail.com','Member',NULL,NULL),(43,'22021489','Lyn Connor',NULL,'164101','Lyn_Connor@gmail.com','Member',NULL,NULL),(44,'104539765','Emil Dardar',NULL,'160193','Emil_Dardar@gmail.com','Member',NULL,NULL),(45,'46634364','Dalton Harmer',NULL,'108665','Dalton_Harmer@gmail.com','Member',NULL,NULL),(46,'109552527','Carol Snook',NULL,'162745','Carol_Snook@gmail.com','Member',NULL,NULL),(47,'97859552','Margarito Vanepps',NULL,'187730','Margarito_Vanepps@gmail.com','Member',NULL,NULL),(48,'50640181','Nannette Hodgin',NULL,'150420','Nannette_Hodgin@gmail.com','Member',NULL,NULL),(49,'49622251','Naoma Wilke',NULL,'188909','Naoma_Wilke@gmail.com','Member',NULL,NULL),(50,'86190716','Barabara Holtzen',NULL,'193288','Barabara_Holtzen@gmail.com','Member',NULL,NULL),(51,'72086832','Ngoc Maciejewski',NULL,'199714','Ngoc_Maciejewski@gmail.com','Member',NULL,NULL),(52,'91862018','Jerri Rooker',NULL,'118708','Jerri_Rooker@gmail.com','Member',NULL,NULL),(53,'33049598','Glinda Snodgrass',NULL,'194395','Glinda_Snodgrass@gmail.com','Member',NULL,NULL),(54,'79661938','Ophelia Haines',NULL,'115856','Ophelia_Haines@gmail.com','Member',NULL,NULL),(55,'89160903','Ruthe Couch',NULL,'196091','Ruthe_Couch@gmail.com','Member',NULL,NULL),(56,'96818705','Mammie Prenatt',NULL,'132891','Mammie_Prenatt@gmail.com','Member',NULL,NULL),(57,'106610820','Tommy Welker',NULL,'176181','Tommy_Welker@gmail.com','Member',NULL,NULL),(58,'32597991','Xuan Olivarez',NULL,'182234','Xuan_Olivarez@gmail.com','Member',NULL,NULL),(59,'33157496','Latricia Wotring',NULL,'182629','Latricia_Wotring@gmail.com','Member',NULL,NULL),(60,'57993510','Emily Webber',NULL,'166444','Emily_Webber@gmail.com','Member',NULL,NULL),(61,'80495068','Shanae Grove',NULL,'184334','Shanae_Grove@gmail.com','Member',NULL,NULL),(62,'18494815','Cecille Sidoti',NULL,'122339','Cecille_Sidoti@gmail.com','Member',NULL,NULL),(63,'40988874','Dario Pummill',NULL,'158693','Dario_Pummill@gmail.com','Member',NULL,NULL),(64,'39459928','Valrie Seguin',NULL,'126450','Valrie_Seguin@gmail.com','Member',NULL,NULL),(65,'64333022','Daniella Schiavo',NULL,'156172','Daniella_Schiavo@gmail.com','Member',NULL,NULL),(66,'93285331','Chae Bianchi',NULL,'101512','Chae_Bianchi@gmail.com','Member',NULL,NULL),(67,'63427596','Joelle Vessels',NULL,'139044','Joelle_Vessels@gmail.com','Member',NULL,NULL),(68,'27281988','Willian Brunetti',NULL,'190684','Willian_Brunetti@gmail.com','Member',NULL,NULL),(69,'36127154','Trudie Vinson',NULL,'136291','Trudie_Vinson@gmail.com','Member',NULL,NULL),(70,'88789810','Ross Creager',NULL,'109401','Ross_Creager@gmail.com','Member',NULL,NULL),(71,'25567595','Phuong Jacquet',NULL,'138132','Phuong_Jacquet@gmail.com','VIP',NULL,NULL),(72,'51468545','Sarai Mccormick',NULL,'162461','Sarai_Mccormick@gmail.com','VIP',NULL,NULL),(73,'70639945','Ladonna Swanger',NULL,'197908','Ladonna_Swanger@gmail.com','VIP',NULL,NULL),(74,'88794095','Karl Grabert',NULL,'102163','Karl_Grabert@gmail.com','VIP',NULL,NULL),(75,'22050644','Althea Collis',NULL,'117087','Althea_Collis@gmail.com','VIP',NULL,NULL),(76,'33870940','Raven Routh',NULL,'178948','Raven_Routh@gmail.com','VIP',NULL,NULL),(77,'93202768','Glady Sack',NULL,'143484','@gmail.com','VIP',NULL,NULL),(78,'54401029','Hae Maloney',NULL,'180572','Hae_Maloney@gmail.com','VIP',NULL,NULL),(79,'82396843','Hildred Vandenburg',NULL,'172414','Hildred_Vandenburg@gmail.com','VIP',NULL,NULL),(80,'38781134','Rory Draheim',NULL,'120352','Rory_Draheim@gmail.com','VIP',NULL,NULL),(81,'36715143','Marg Schlicher',NULL,'184517','Marg_Schlicher@gmail.com','Agency',NULL,NULL),(82,'57232315','Ted Phenix',NULL,'161534','Ted_Phenix@gmail.com','Agency',NULL,NULL),(83,'66016153','Kum Ralston',NULL,'154117','Kum_Ralston@gmail.com','Agency',NULL,NULL),(84,'48383823','Danna Herrod',NULL,'185984','Danna_Herrod@gmail.com','Agency',NULL,NULL),(85,'33870658','Winnie Volz',NULL,'167572','Winnie_Volz@gmail.com','Agency',NULL,NULL),(86,'14201827','Christia Paneto',NULL,'179907','Christia_Paneto@gmail.com','Agency',NULL,NULL),(88,'44380348','Dee Curfman',NULL,'144397','Dee_Curfman@gmail.com','Agency',NULL,NULL),(89,'33710250','Claribel Mcevoy',NULL,'131516','Claribel_Mcevoy@gmail.com','Agency',NULL,NULL),(90,'25410207','Errol Lach',NULL,'124388','Errol_Lach@gmail.com','Agency',NULL,NULL),(91,'15920291','Arletha Peters',NULL,'127392','Arletha_Purser@gmail.com','Agency',NULL,NULL),(92,'93370834','Terence Garrick',NULL,'163797','Terence_Garrick@gmail.com','Agency',NULL,NULL),(93,'109093306','Martha Brannock',NULL,'136810','Martha_Brannock@gmail.com','Agency',NULL,NULL),(94,'55354032','Scottie Nies',NULL,'192661','Scottie_Nies@gmail.com','Agency',NULL,NULL),(95,'39490246','Jorge Lepore',NULL,'152879','Jorge_Lepore@gmail.com','Agency',NULL,NULL),(96,'21389136','Celine Monreal',NULL,'186409','Celine_Monreal@gmail.com','Agency',NULL,NULL),(98,'18207323','Kai Morehead',NULL,'107828','Kai_Morehead@gmail.com','Agency',NULL,NULL),(99,'45611781','Melba Danford',NULL,'118905','Melba_Danford@gmail.com','Agency',NULL,NULL),(100,'63436941','Kayla Sivils',NULL,'171044','Kayla_Sivils@gmail.com','Agency',NULL,NULL),(103,'3243535','jiangka',NULL,'123456',NULL,'VIP',NULL,NULL),(116,'','',NULL,'123456789',NULL,'Guest','','Visa'),(117,NULL,'3388',NULL,'3388',NULL,'VIP',NULL,NULL),(119,NULL,'Test',NULL,'1293939',NULL,'Member',NULL,NULL),(120,'','',NULL,'asdf',NULL,'Guest','','Visa'),(121,'123456789','Tom',NULL,'0434594225',NULL,'Guest','987654321','Visa'),(122,NULL,'Kai Jiang',NULL,'0434584226',NULL,'VIP',NULL,NULL),(123,NULL,'Kai',NULL,'0434594',NULL,'Member',NULL,NULL),(124,'123456','King Checkedin',NULL,'0123456',NULL,'Member','123','Visa'),(125,NULL,'Kim',NULL,'321654',NULL,'Member',NULL,NULL),(126,NULL,'Kate',NULL,'654987',NULL,'Member',NULL,NULL),(129,'','','','0420490714','xc356@uowmail.edu.au','VIP','','Visa'),(130,NULL,'Hong Zhao',NULL,'0320409815',NULL,'Guest',NULL,NULL),(131,'','',NULL,'0420111',NULL,'Guest','','Visa'),(132,'','Hob',NULL,'0420222',NULL,'Member','','Visa'),(133,'','Hob',NULL,'0420333',NULL,'Member','','Visa'),(134,'','Hob',NULL,'0420444',NULL,'Guest','','Visa'),(135,'','Hob',NULL,'0420555',NULL,'Member','','Visa'),(136,NULL,'Hob',NULL,'0420666',NULL,'Guest',NULL,NULL),(137,'','',NULL,'0420888',NULL,'Guest','','Visa'),(138,NULL,'Peter',NULL,'0410111',NULL,'Guest',NULL,NULL),(139,NULL,'lili',NULL,'123123',NULL,'Guest',NULL,NULL),(140,NULL,'',NULL,'',NULL,'Guest',NULL,NULL),(141,'','',NULL,'15952405008',NULL,'Agency','','Visa'),(142,'','',NULL,'111111',NULL,'Guest','','Visa'),(143,'','',NULL,'090909',NULL,'VIP','','Visa'),(144,'','',NULL,'1111111',NULL,'Guest','','Visa'),(145,'','',NULL,'2222222',NULL,'VIP','','Visa'),(146,'1223441','ccc',NULL,'3333333',NULL,'VIP','999808761','Master'),(147,'1223442','ddd',NULL,'4444444',NULL,'VIP','9998083211','Master'),(148,NULL,'asdf',NULL,'33455',NULL,'Guest',NULL,NULL),(149,'1223442','rrt',NULL,'23232323',NULL,'Guest','9998083211','Master'),(150,'1223442','rrt',NULL,'12121212',NULL,'Guest','9998083211','Master'),(151,'','',NULL,'123455',NULL,'Guest','','Visa'),(152,'','Hz D',NULL,'110119',NULL,'Guest','','Visa'),(153,'','',NULL,'12333',NULL,'Guest','','Visa'),(154,'','',NULL,'120120',NULL,'Guest','','Visa'),(155,'','liukun',NULL,'119118',NULL,'Guest','','Visa'),(156,'','',NULL,'334455',NULL,'Guest','','Visa'),(158,NULL,'locke',NULL,'654321',NULL,'Agency',NULL,NULL),(159,NULL,'Kun ',NULL,'85445',NULL,'Guest',NULL,NULL),(160,'45669','tttt','',NULL,'','','',''),(162,NULL,'Locke',NULL,'0411112',NULL,'VIP',NULL,NULL),(163,'61012419','Danial Franklin','','132345','d_frank@gmail.com','Guest','',''),(164,'237643445','Gold Coast','','245883774','gold_coast@gd.com','Agency','',''),(165,'123456789','Tim',NULL,'99887766',NULL,'Guest','0987654321','Master'),(166,'61012419','Danial Franklin','',NULL,'','','',''),(167,'6101298468','David Jones','','3427810','d_jones@gmail.com','Member','','');
/*!40000 ALTER TABLE `customer` ENABLE KEYS */;
UNLOCK TABLES;

--
-- Table structure for table `employee`
--

DROP TABLE IF EXISTS `employee`;
/*!40101 SET @saved_cs_client     = @@character_set_client */;
/*!40101 SET character_set_client = utf8 */;
CREATE TABLE `employee` (
  `id` int(10) unsigned NOT NULL AUTO_INCREMENT,
  `name` varchar(45) DEFAULT NULL,
  `password` char(32) DEFAULT NULL,
  `role` varchar(45) DEFAULT NULL,
  PRIMARY KEY (`id`)
) ENGINE=InnoDB AUTO_INCREMENT=4 DEFAULT CHARSET=latin1;
/*!40101 SET character_set_client = @saved_cs_client */;

--
-- Dumping data for table `employee`
--

LOCK TABLES `employee` WRITE;
/*!40000 ALTER TABLE `employee` DISABLE KEYS */;
INSERT INTO `employee` VALUES (1,'Jack','e99a18c428cb38d5f260853678922e03','Receptionist'),(2,'Jason','e99a18c428cb38d5f260853678922e03','Manager'),(3,'Dick','e99a18c428cb38d5f260853678922e03','Service Staff');
/*!40000 ALTER TABLE `employee` ENABLE KEYS */;
UNLOCK TABLES;

--
-- Table structure for table `orders`
--

DROP TABLE IF EXISTS `orders`;
/*!40101 SET @saved_cs_client     = @@character_set_client */;
/*!40101 SET character_set_client = utf8 */;
CREATE TABLE `orders` (
  `id` int(10) unsigned NOT NULL AUTO_INCREMENT,
  `customer_id` int(10) unsigned DEFAULT NULL,
  `room_no` varchar(45) DEFAULT NULL,
  `booking_time` datetime DEFAULT NULL,
  `expected_checkin_time` datetime DEFAULT NULL COMMENT 'Expected checking time',
  `actual_checkin_time` datetime DEFAULT NULL,
  `expected_checkout_time` datetime DEFAULT NULL,
  `actual_checkout_time` datetime DEFAULT NULL,
  `total_price` decimal(8,2) DEFAULT NULL,
  `occupants_num` int(11) DEFAULT NULL,
  `order_status` varchar(45) DEFAULT NULL,
  `payment_status` varchar(45) DEFAULT NULL,
  `payment_type` varchar(45) DEFAULT NULL,
  `payer_name` varchar(45) DEFAULT NULL,
  `payer_address` varchar(45) DEFAULT NULL,
  `payer_ccard` varchar(45) DEFAULT NULL,
  `payer_ccard_type` varchar(45) DEFAULT NULL,
  PRIMARY KEY (`id`),
  KEY `booking_fk1_idx` (`customer_id`),
  KEY `order_fk2_idx` (`room_no`),
  CONSTRAINT `order_fk1` FOREIGN KEY (`customer_id`) REFERENCES `customer` (`id`) ON DELETE NO ACTION ON UPDATE NO ACTION,
  CONSTRAINT `order_fk2` FOREIGN KEY (`room_no`) REFERENCES `room` (`room_no`) ON DELETE NO ACTION ON UPDATE NO ACTION
) ENGINE=InnoDB AUTO_INCREMENT=65 DEFAULT CHARSET=latin1;
/*!40101 SET character_set_client = @saved_cs_client */;

--
-- Dumping data for table `orders`
--

LOCK TABLES `orders` WRITE;
/*!40000 ALTER TABLE `orders` DISABLE KEYS */;
INSERT INTO `orders` VALUES (1,4,'2-003','2013-09-13 00:00:00','2013-09-16 00:00:00','2013-09-15 00:00:00','2013-09-16 00:00:00',NULL,2600.00,2,'Booked','Unpaid','CreditCard',NULL,NULL,NULL,NULL),(12,121,'1-047','2013-10-06 09:38:17','2013-10-06 00:00:00','2013-10-12 16:44:05','2013-10-08 00:00:00','2013-10-12 16:57:00',108.00,NULL,'Checked-out','Paid',NULL,NULL,NULL,NULL,NULL),(13,122,'2-002','2013-10-06 09:45:03','2013-10-07 00:00:00',NULL,'2013-10-09 00:00:00',NULL,NULL,NULL,'Booked','Unpaid',NULL,NULL,NULL,NULL,NULL),(14,123,'2-009','2013-10-06 09:49:07','2013-10-08 00:00:00',NULL,'2013-10-10 00:00:00',NULL,NULL,NULL,'Booked','Unpaid',NULL,NULL,NULL,NULL,NULL),(15,124,'4-004','2013-10-06 09:50:28','2013-10-08 00:00:00','2013-10-12 11:46:11','2013-10-10 00:00:00',NULL,504.00,NULL,'Checked-in','Unpaid',NULL,NULL,NULL,NULL,NULL),(16,125,'6-008','2013-10-06 09:51:35','2013-10-08 00:00:00',NULL,'2013-10-10 00:00:00',NULL,NULL,NULL,'Booked','Unpaid',NULL,NULL,NULL,NULL,NULL),(17,126,'4-005','2013-10-06 09:53:48','2013-10-07 00:00:00',NULL,'2013-10-09 00:00:00',NULL,NULL,NULL,'Booked','Unpaid',NULL,NULL,NULL,NULL,NULL),(19,116,'4-001','2013-10-06 10:32:09','2013-10-31 00:00:00','2013-10-06 10:59:27','2013-12-24 00:00:00',NULL,2010.00,NULL,'Checked-in','Unpaid',NULL,NULL,NULL,NULL,NULL),(20,NULL,'5-006','2013-10-06 10:32:56','2013-10-09 00:00:00',NULL,'2013-10-30 00:00:00',NULL,NULL,NULL,'Booked','Unpaid',NULL,NULL,NULL,NULL,NULL),(21,129,'1-002','2013-10-06 13:10:31','2013-10-17 00:00:00','2013-10-06 13:19:54','2013-10-18 00:00:00','2013-10-06 13:20:06',100.00,NULL,'Checked-out','Paid',NULL,NULL,NULL,NULL,NULL),(22,130,'2-005','2013-10-06 13:11:24','2013-10-25 00:00:00',NULL,'2013-10-30 00:00:00',NULL,NULL,NULL,'Booked','Unpaid',NULL,NULL,NULL,NULL,NULL),(23,131,'2-006','2013-10-06 13:11:56','2013-10-21 00:00:00','2013-10-06 13:21:30','2013-10-30 00:00:00','2013-10-06 13:58:22',368.50,NULL,'Checked-out','Paid',NULL,NULL,NULL,NULL,NULL),(24,132,'3-004','2013-10-06 13:12:51','2013-10-21 00:00:00','2013-10-06 13:59:31','2013-10-30 00:00:00','2013-10-06 14:00:40',218.50,NULL,'Checked-out','Paid',NULL,NULL,NULL,NULL,NULL),(25,133,'3-004','2013-10-06 13:13:29','2013-10-21 00:00:00','2013-10-06 14:01:02','2013-10-30 00:00:00','2013-10-06 14:08:19',397.00,NULL,'Checked-out','Paid',NULL,NULL,NULL,NULL,NULL),(26,134,'3-005','2013-10-06 13:13:52','2013-10-21 00:00:00','2013-10-06 14:08:44','2013-10-30 00:00:00','2013-10-06 14:08:53',200.00,NULL,'Checked-out','Paid',NULL,NULL,NULL,NULL,NULL),(27,135,'3-005','2013-10-06 13:14:25','2013-10-21 00:00:00','2013-10-06 14:09:06','2013-10-30 00:00:00','2013-10-06 14:09:45',255.00,NULL,'Checked-out','Paid',NULL,NULL,NULL,NULL,NULL),(28,136,'5-004','2013-10-06 13:15:02','2013-10-21 00:00:00',NULL,'2013-10-21 00:00:00',NULL,NULL,NULL,'Booked','Unpaid',NULL,NULL,NULL,NULL,NULL),(29,137,'6-006','2013-10-06 13:17:22','2013-10-10 00:00:00','2013-10-06 14:21:00','2013-10-11 00:00:00','2013-10-06 14:23:09',1917.50,NULL,'Checked-out','Paid',NULL,NULL,NULL,NULL,NULL),(30,138,'1-006','2013-10-06 13:54:31','2013-10-14 00:00:00',NULL,'2013-10-15 00:00:00',NULL,NULL,NULL,'Booked','Unpaid',NULL,NULL,NULL,NULL,NULL),(31,103,'1-007','2013-10-06 13:56:21','2013-10-14 00:00:00',NULL,'2014-10-15 00:00:00',NULL,NULL,NULL,'Booked','Unpaid',NULL,NULL,NULL,NULL,NULL),(32,139,'6-001','2013-10-06 14:12:24','2013-10-08 00:00:00',NULL,'2013-10-09 00:00:00',NULL,NULL,NULL,'Booked','Unpaid',NULL,NULL,NULL,NULL,NULL),(33,139,'6-002','2013-10-06 14:13:14','2013-10-08 00:00:00',NULL,'2013-10-09 00:00:00',NULL,NULL,NULL,'Booked','Unpaid',NULL,NULL,NULL,NULL,NULL),(34,139,'6-009','2013-10-06 14:14:18','2013-10-07 00:00:00',NULL,'2013-10-09 00:00:00',NULL,NULL,NULL,'Booked','Unpaid',NULL,NULL,NULL,NULL,NULL),(35,140,'5-070','2013-10-06 14:24:41','2013-10-18 00:00:00',NULL,'2013-10-25 00:00:00',NULL,NULL,NULL,'Booked','Unpaid',NULL,NULL,NULL,NULL,NULL),(36,141,'5-069','2013-10-06 14:25:34','2013-10-18 00:00:00','2013-10-06 14:28:51','2013-10-25 00:00:00','2013-10-06 14:30:07',800.00,NULL,'Checked-out','Paid',NULL,NULL,NULL,NULL,NULL),(37,141,'5-008','2013-10-06 14:27:04','2013-10-16 00:00:00','2013-10-06 14:28:39','2013-10-25 00:00:00','2013-10-06 14:30:06',800.00,NULL,'Checked-out','Paid',NULL,NULL,NULL,NULL,NULL),(40,117,'2-001','2013-10-06 14:38:58','2013-10-01 00:00:00',NULL,'2013-10-16 00:00:00',NULL,NULL,NULL,'Booked','Unpaid',NULL,NULL,NULL,NULL,NULL),(41,142,'1-003','2013-10-06 14:40:38','2013-10-01 00:00:00','2013-10-06 14:42:19','2013-10-02 00:00:00','2013-10-06 14:42:27',100.00,NULL,'Checked-out','Paid',NULL,NULL,NULL,NULL,NULL),(43,143,'1-008','2013-10-06 14:47:29','2013-10-01 00:00:00','2013-10-06 14:50:02','2013-10-02 00:00:00','2013-10-06 14:50:08',100.00,NULL,'Checked-out','Paid',NULL,NULL,NULL,NULL,NULL),(44,144,'1-008','2013-10-06 14:54:15','2013-10-03 00:00:00','2013-10-06 14:54:23','2013-10-04 00:00:00','2013-10-06 14:54:30',100.00,NULL,'Checked-out','Paid',NULL,NULL,NULL,NULL,NULL),(45,145,'1-010','2013-10-06 14:54:54','2013-10-04 00:00:00','2013-10-06 14:55:05','2013-10-05 00:00:00','2013-10-06 14:55:13',100.00,NULL,'Checked-out','Paid',NULL,NULL,NULL,NULL,NULL),(46,146,'2-008','2013-10-06 14:55:47','2013-10-05 00:00:00','2013-10-06 14:56:21','2013-10-06 00:00:00','2013-10-06 14:56:34',150.00,NULL,'Checked-out','Paid',NULL,NULL,NULL,NULL,NULL),(47,147,'2-006','2013-10-06 14:57:29','2013-10-09 00:00:00','2013-10-06 14:57:54','2013-10-11 00:00:00','2013-10-06 14:58:01',150.00,NULL,'Checked-out','Paid',NULL,NULL,NULL,NULL,NULL),(48,148,'1-004','2013-10-06 14:58:43','2013-10-01 00:00:00',NULL,'2013-10-02 00:00:00',NULL,NULL,NULL,'Booked','Unpaid',NULL,NULL,NULL,NULL,NULL),(49,149,'2-007','2013-10-06 15:02:48','2013-10-09 00:00:00','2013-10-06 15:03:11','2013-10-11 00:00:00','2013-10-06 15:03:30',150.00,NULL,'Checked-out','Paid',NULL,NULL,NULL,NULL,NULL),(50,150,'2-012','2013-10-06 15:04:28','2013-10-09 00:00:00','2013-10-06 15:06:31','2013-10-11 00:00:00','2013-10-06 15:06:45',150.00,NULL,'Checked-out','Paid',NULL,NULL,NULL,NULL,NULL),(51,151,'1-009','2013-10-06 15:30:45','2013-10-01 00:00:00','2013-10-06 15:31:08','2013-10-30 00:00:00','2013-10-06 15:32:05',100.00,NULL,'Checked-out','Paid',NULL,NULL,NULL,NULL,NULL),(52,152,'1-004','2013-10-06 15:38:58','2013-10-15 00:00:00','2013-10-06 15:39:45','2013-10-17 00:00:00','2013-10-06 15:40:27',100.00,NULL,'Checked-out','Paid',NULL,NULL,NULL,NULL,NULL),(53,153,'1-011','2013-10-06 15:43:58','2013-10-01 00:00:00','2013-10-06 15:45:11','2013-10-31 00:00:00',NULL,100.00,NULL,'Checked-in','Unpaid',NULL,NULL,NULL,NULL,NULL),(54,154,'2-004','2013-10-06 15:44:18','2013-10-02 00:00:00','2013-10-06 15:44:37','2013-10-16 00:00:00','2013-10-06 15:45:32',175.10,NULL,'Checked-out','Paid',NULL,NULL,NULL,NULL,NULL),(55,155,'2-015','2013-10-06 15:46:31','2013-10-02 00:00:00','2013-10-06 15:46:52','2013-10-16 00:00:00','2013-10-06 15:47:01',150.00,NULL,'Checked-out','Paid',NULL,NULL,NULL,NULL,NULL),(56,156,'1-002','2013-10-06 15:51:28','2013-10-01 00:00:00','2013-10-06 15:52:19','2013-10-09 00:00:00','2013-10-06 15:52:28',100.00,NULL,'Checked-out','Paid',NULL,NULL,NULL,NULL,NULL),(57,158,'2-005','2013-10-12 11:29:53','2013-10-14 00:00:00',NULL,'2013-10-23 00:00:00',NULL,NULL,NULL,'Booked','Unpaid',NULL,NULL,NULL,NULL,NULL),(59,159,'1-003','2013-10-12 11:41:33','2013-10-13 00:00:00',NULL,'2013-10-16 00:00:00',NULL,NULL,NULL,'Booked','Unpaid',NULL,NULL,NULL,NULL,NULL),(60,103,'1-101','2013-10-12 14:27:11','2013-10-12 14:27:09',NULL,'2013-10-12 14:27:09',NULL,NULL,NULL,'Booked','Unpaid',NULL,NULL,NULL,NULL,NULL),(61,103,'1-101','2013-10-12 14:27:33','2013-10-12 14:27:32',NULL,'2013-10-12 14:27:32',NULL,NULL,NULL,'Booked','Unpaid',NULL,NULL,NULL,NULL,NULL),(63,165,'1-008','2013-10-12 16:58:23','2013-10-17 00:00:00','2013-10-12 17:00:35','2013-10-30 00:00:00',NULL,100.00,NULL,'Checked-in','Unpaid',NULL,NULL,NULL,NULL,NULL),(64,165,'1-012','2013-10-12 16:58:44','2013-10-16 00:00:00','2013-10-12 17:01:02','2013-10-30 00:00:00',NULL,100.00,NULL,'Checked-in','Unpaid',NULL,NULL,NULL,NULL,NULL);
/*!40000 ALTER TABLE `orders` ENABLE KEYS */;
UNLOCK TABLES;

--
-- Table structure for table `room`
--

DROP TABLE IF EXISTS `room`;
/*!40101 SET @saved_cs_client     = @@character_set_client */;
/*!40101 SET character_set_client = utf8 */;
CREATE TABLE `room` (
  `room_no` varchar(45) NOT NULL,
  `type` varchar(45) DEFAULT NULL,
  `price` decimal(8,2) DEFAULT NULL,
  PRIMARY KEY (`room_no`)
) ENGINE=InnoDB DEFAULT CHARSET=latin1;
/*!40101 SET character_set_client = @saved_cs_client */;

--
-- Dumping data for table `room`
--

LOCK TABLES `room` WRITE;
/*!40000 ALTER TABLE `room` DISABLE KEYS */;
INSERT INTO `room` VALUES ('1-001','Single',100.00),('1-002','Single',100.00),('1-003','Single',100.00),('1-004','Single',100.00),('1-005','Single',100.00),('1-006','Single',100.00),('1-007','Single',100.00),('1-008','Single',100.00),('1-009','Single',100.00),('1-010','Single',100.00),('1-011','Single',100.00),('1-012','Single',100.00),('1-013','Single',100.00),('1-014','Single',100.00),('1-015','Single',100.00),('1-016','Single',100.00),('1-017','Single',100.00),('1-018','Single',100.00),('1-019','Single',100.00),('1-020','Single',100.00),('1-021','Single',100.00),('1-022','Single',100.00),('1-023','Single',100.00),('1-024','Single',100.00),('1-025','Single',100.00),('1-026','Single',100.00),('1-027','Single',100.00),('1-028','Single',100.00),('1-029','Single',100.00),('1-030','Single',100.00),('1-031','Single',100.00),('1-032','Single',100.00),('1-033','Single',100.00),('1-034','Single',100.00),('1-035','Single',100.00),('1-036','Single',100.00),('1-037','Single',100.00),('1-038','Single',100.00),('1-039','Single',100.00),('1-040','Single',100.00),('1-041','Single',100.00),('1-042','Single',100.00),('1-043','Single',100.00),('1-044','Single',100.00),('1-045','Single',100.00),('1-046','Single',100.00),('1-047','Single',100.00),('1-048','Single',100.00),('1-049','Single',100.00),('1-050','Single',100.00),('1-051','Single',100.00),('1-052','Single',100.00),('1-053','Single',100.00),('1-054','Single',100.00),('1-055','Single',100.00),('1-056','Single',100.00),('1-057','Single',100.00),('1-058','Single',100.00),('1-059','Single',100.00),('1-060','Single',100.00),('1-061','Single',100.00),('1-062','Single',100.00),('1-063','Single',100.00),('1-064','Single',100.00),('1-065','Single',100.00),('1-066','Single',100.00),('1-067','Single',100.00),('1-068','Single',100.00),('1-069','Single',100.00),('1-070','Single',100.00),('1-071','Single',100.00),('1-072','Single',100.00),('1-073','Single',100.00),('1-074','Single',100.00),('1-075','Single',100.00),('1-076','Single',100.00),('1-077','Single',100.00),('1-078','Single',100.00),('1-079','Single',100.00),('1-080','Single',100.00),('1-081','Single',100.00),('1-082','Single',100.00),('1-083','Single',100.00),('1-084','Single',100.00),('1-085','Single',100.00),('1-086','Single',100.00),('1-087','Single',100.00),('1-088','Single',100.00),('1-089','Single',100.00),('1-090','Single',100.00),('1-091','Single',100.00),('1-092','Single',100.00),('1-093','Single',100.00),('1-094','Single',100.00),('1-095','Single',100.00),('1-096','Single',100.00),('1-097','Single',100.00),('1-098','Single',100.00),('1-099','Single',100.00),('1-100','Single',100.00),('1-101','Single',100.00),('1-102','Single',100.00),('1-103','Single',100.00),('1-104','Single',100.00),('1-105','Single',100.00),('1-106','Single',100.00),('1-107','Single',100.00),('1-108','Single',100.00),('1-109','Single',100.00),('1-110','Single',100.00),('1-111','Single',100.00),('1-112','Single',100.00),('1-113','Single',100.00),('1-114','Single',100.00),('1-115','Single',100.00),('1-116','Single',100.00),('1-117','Single',100.00),('1-118','Single',100.00),('1-119','Single',100.00),('1-120','Single',100.00),('1-121','Single',100.00),('1-122','Single',100.00),('1-123','Single',100.00),('1-124','Single',100.00),('1-125','Single',100.00),('1-126','Single',100.00),('1-127','Single',100.00),('1-128','Single',100.00),('1-129','Single',100.00),('1-130','Single',100.00),('1-131','Single',100.00),('1-132','Single',100.00),('1-133','Single',100.00),('1-134','Single',100.00),('1-135','Single',100.00),('1-136','Single',100.00),('1-137','Single',100.00),('1-138','Single',100.00),('1-139','Single',100.00),('1-140','Single',100.00),('1-141','Single',100.00),('1-142','Single',100.00),('1-143','Single',100.00),('1-144','Single',100.00),('1-145','Single',100.00),('1-146','Single',100.00),('1-147','Single',100.00),('1-148','Single',100.00),('1-149','Single',100.00),('1-150','Single',100.00),('1-151','Single',100.00),('1-152','Single',100.00),('1-153','Single',100.00),('1-154','Single',100.00),('1-155','Single',100.00),('1-156','Single',100.00),('1-157','Single',100.00),('1-158','Single',100.00),('1-159','Single',100.00),('1-160','Single',100.00),('1-161','Single',100.00),('1-162','Single',100.00),('1-163','Single',100.00),('1-164','Single',100.00),('1-165','Single',100.00),('1-166','Single',100.00),('1-167','Single',100.00),('1-168','Single',100.00),('1-169','Single',100.00),('1-170','Single',100.00),('1-171','Single',100.00),('1-172','Single',100.00),('1-173','Single',100.00),('1-174','Single',100.00),('1-175','Single',100.00),('1-176','Single',100.00),('1-177','Single',100.00),('1-178','Single',100.00),('1-179','Single',100.00),('1-180','Single',100.00),('1-181','Single',100.00),('1-182','Single',100.00),('1-183','Single',100.00),('1-184','Single',100.00),('1-185','Single',100.00),('1-186','Single',100.00),('1-187','Single',100.00),('1-188','Single',100.00),('1-189','Single',100.00),('1-190','Single',100.00),('1-191','Single',100.00),('1-192','Single',100.00),('1-193','Single',100.00),('1-194','Single',100.00),('1-195','Single',100.00),('1-196','Single',100.00),('1-197','Single',100.00),('1-198','Single',100.00),('1-199','Single',100.00),('1-200','Single',100.00),('2-001','Double',150.00),('2-002','Double',150.00),('2-003','Double',150.00),('2-004','Double',150.00),('2-005','Double',150.00),('2-006','Double',150.00),('2-007','Double',150.00),('2-008','Double',150.00),('2-009','Double',150.00),('2-010','Double',150.00),('2-011','Double',150.00),('2-012','Double',150.00),('2-013','Double',150.00),('2-014','Double',150.00),('2-015','Double',150.00),('2-016','Double',150.00),('2-017','Double',150.00),('2-018','Double',150.00),('2-019','Double',150.00),('2-020','Double',150.00),('2-021','Double',150.00),('2-022','Double',150.00),('2-023','Double',150.00),('2-024','Double',150.00),('2-025','Double',150.00),('2-026','Double',150.00),('2-027','Double',150.00),('2-028','Double',150.00),('2-029','Double',150.00),('2-030','Double',150.00),('2-031','Double',150.00),('2-032','Double',150.00),('2-033','Double',150.00),('2-034','Double',150.00),('2-035','Double',150.00),('2-036','Double',150.00),('2-037','Double',150.00),('2-038','Double',150.00),('2-039','Double',150.00),('2-040','Double',150.00),('2-041','Double',150.00),('2-042','Double',150.00),('2-043','Double',150.00),('2-044','Double',150.00),('2-045','Double',150.00),('2-046','Double',150.00),('2-047','Double',150.00),('2-048','Double',150.00),('2-049','Double',150.00),('2-050','Double',150.00),('2-051','Double',150.00),('2-052','Double',150.00),('2-053','Double',150.00),('2-054','Double',150.00),('2-055','Double',150.00),('2-056','Double',150.00),('2-057','Double',150.00),('2-058','Double',150.00),('2-059','Double',150.00),('2-060','Double',150.00),('2-061','Double',150.00),('2-062','Double',150.00),('2-063','Double',150.00),('2-064','Double',150.00),('2-065','Double',150.00),('2-066','Double',150.00),('2-067','Double',150.00),('2-068','Double',150.00),('2-069','Double',150.00),('2-070','Double',150.00),('2-071','Double',150.00),('2-072','Double',150.00),('2-073','Double',150.00),('2-074','Double',150.00),('2-075','Double',150.00),('2-076','Double',150.00),('2-077','Double',150.00),('2-078','Double',150.00),('2-079','Double',150.00),('2-080','Double',150.00),('2-081','Double',150.00),('2-082','Double',150.00),('2-083','Double',150.00),('2-084','Double',150.00),('2-085','Double',150.00),('2-086','Double',150.00),('2-087','Double',150.00),('2-088','Double',150.00),('2-089','Double',150.00),('2-090','Double',150.00),('2-091','Double',150.00),('2-092','Double',150.00),('2-093','Double',150.00),('2-094','Double',150.00),('2-095','Double',150.00),('2-096','Double',150.00),('2-097','Double',150.00),('2-098','Double',150.00),('2-099','Double',150.00),('2-100','Double',150.00),('2-101','Double',150.00),('2-102','Double',150.00),('2-103','Double',150.00),('2-104','Double',150.00),('2-105','Double',150.00),('2-106','Double',150.00),('2-107','Double',150.00),('2-108','Double',150.00),('2-109','Double',150.00),('2-110','Double',150.00),('2-111','Double',150.00),('2-112','Double',150.00),('2-113','Double',150.00),('2-114','Double',150.00),('2-115','Double',150.00),('2-116','Double',150.00),('2-117','Double',150.00),('2-118','Double',150.00),('2-119','Double',150.00),('2-120','Double',150.00),('2-121','Double',150.00),('2-122','Double',150.00),('2-123','Double',150.00),('2-124','Double',150.00),('2-125','Double',150.00),('2-126','Double',150.00),('2-127','Double',150.00),('2-128','Double',150.00),('2-129','Double',150.00),('2-130','Double',150.00),('2-131','Double',150.00),('2-132','Double',150.00),('2-133','Double',150.00),('2-134','Double',150.00),('2-135','Double',150.00),('2-136','Double',150.00),('2-137','Double',150.00),('2-138','Double',150.00),('2-139','Double',150.00),('2-140','Double',150.00),('2-141','Double',150.00),('2-142','Double',150.00),('2-143','Double',150.00),('2-144','Double',150.00),('2-145','Double',150.00),('2-146','Double',150.00),('2-147','Double',150.00),('2-148','Double',150.00),('2-149','Double',150.00),('2-150','Double',150.00),('2-151','Double',150.00),('2-152','Double',150.00),('2-153','Double',150.00),('2-154','Double',150.00),('2-155','Double',150.00),('2-156','Double',150.00),('2-157','Double',150.00),('2-158','Double',150.00),('2-159','Double',150.00),('2-160','Double',150.00),('2-161','Double',150.00),('2-162','Double',150.00),('2-163','Double',150.00),('2-164','Double',150.00),('2-165','Double',150.00),('2-166','Double',150.00),('2-167','Double',150.00),('2-168','Double',150.00),('2-169','Double',150.00),('2-170','Double',150.00),('2-171','Double',150.00),('2-172','Double',150.00),('2-173','Double',150.00),('2-174','Double',150.00),('2-175','Double',150.00),('2-176','Double',150.00),('2-177','Double',150.00),('2-178','Double',150.00),('2-179','Double',150.00),('2-180','Double',150.00),('2-181','Double',150.00),('2-182','Double',150.00),('2-183','Double',150.00),('2-184','Double',150.00),('2-185','Double',150.00),('2-186','Double',150.00),('2-187','Double',150.00),('2-188','Double',150.00),('2-189','Double',150.00),('2-190','Double',150.00),('2-191','Double',150.00),('2-192','Double',150.00),('2-193','Double',150.00),('2-194','Double',150.00),('2-195','Double',150.00),('2-196','Double',150.00),('2-197','Double',150.00),('2-198','Double',150.00),('2-199','Double',150.00),('2-200','Double',150.00),('2-201','Double',150.00),('2-202','Double',150.00),('2-203','Double',150.00),('2-204','Double',150.00),('2-205','Double',150.00),('2-206','Double',150.00),('2-207','Double',150.00),('2-208','Double',150.00),('2-209','Double',150.00),('2-210','Double',150.00),('2-211','Double',150.00),('2-212','Double',150.00),('2-213','Double',150.00),('2-214','Double',150.00),('2-215','Double',150.00),('2-216','Double',150.00),('2-217','Double',150.00),('2-218','Double',150.00),('2-219','Double',150.00),('2-220','Double',150.00),('2-221','Double',150.00),('2-222','Double',150.00),('2-223','Double',150.00),('2-224','Double',150.00),('2-225','Double',150.00),('2-226','Double',150.00),('2-227','Double',150.00),('2-228','Double',150.00),('2-229','Double',150.00),('2-230','Double',150.00),('2-231','Double',150.00),('2-232','Double',150.00),('2-233','Double',150.00),('2-234','Double',150.00),('2-235','Double',150.00),('2-236','Double',150.00),('2-237','Double',150.00),('2-238','Double',150.00),('2-239','Double',150.00),('2-240','Double',150.00),('2-241','Double',150.00),('2-242','Double',150.00),('2-243','Double',150.00),('2-244','Double',150.00),('2-245','Double',150.00),('2-246','Double',150.00),('2-247','Double',150.00),('2-248','Double',150.00),('2-249','Double',150.00),('2-250','Double',150.00),('2-251','Double',150.00),('2-252','Double',150.00),('2-253','Double',150.00),('2-254','Double',150.00),('2-255','Double',150.00),('2-256','Double',150.00),('2-257','Double',150.00),('2-258','Double',150.00),('2-259','Double',150.00),('2-260','Double',150.00),('2-261','Double',150.00),('2-262','Double',150.00),('2-263','Double',150.00),('2-264','Double',150.00),('2-265','Double',150.00),('2-266','Double',150.00),('2-267','Double',150.00),('2-268','Double',150.00),('2-269','Double',150.00),('2-270','Double',150.00),('2-271','Double',150.00),('2-272','Double',150.00),('2-273','Double',150.00),('2-274','Double',150.00),('2-275','Double',150.00),('2-276','Double',150.00),('2-277','Double',150.00),('2-278','Double',150.00),('2-279','Double',150.00),('2-280','Double',150.00),('2-281','Double',150.00),('2-282','Double',150.00),('2-283','Double',150.00),('2-284','Double',150.00),('2-285','Double',150.00),('2-286','Double',150.00),('2-287','Double',150.00),('2-288','Double',150.00),('2-289','Double',150.00),('2-290','Double',150.00),('2-291','Double',150.00),('2-292','Double',150.00),('2-293','Double',150.00),('2-294','Double',150.00),('2-295','Double',150.00),('2-296','Double',150.00),('2-297','Double',150.00),('2-298','Double',150.00),('2-299','Double',150.00),('2-300','Double',150.00),('3-001','TwinDouble',200.00),('3-002','TwinDouble',200.00),('3-003','TwinDouble',200.00),('3-004','TwinDouble',200.00),('3-005','TwinDouble',200.00),('3-006','TwinDouble',200.00),('3-007','TwinDouble',200.00),('3-008','TwinDouble',200.00),('3-009','TwinDouble',200.00),('3-010','TwinDouble',200.00),('3-011','TwinDouble',200.00),('3-012','TwinDouble',200.00),('3-013','TwinDouble',200.00),('3-014','TwinDouble',200.00),('3-015','TwinDouble',200.00),('3-016','TwinDouble',200.00),('3-017','TwinDouble',200.00),('3-018','TwinDouble',200.00),('3-019','TwinDouble',200.00),('3-020','TwinDouble',200.00),('3-021','TwinDouble',200.00),('3-022','TwinDouble',200.00),('3-023','TwinDouble',200.00),('3-024','TwinDouble',200.00),('3-025','TwinDouble',200.00),('3-026','TwinDouble',200.00),('3-027','TwinDouble',200.00),('3-028','TwinDouble',200.00),('3-029','TwinDouble',200.00),('3-030','TwinDouble',200.00),('3-031','TwinDouble',200.00),('3-032','TwinDouble',200.00),('3-033','TwinDouble',200.00),('3-034','TwinDouble',200.00),('3-035','TwinDouble',200.00),('3-036','TwinDouble',200.00),('3-037','TwinDouble',200.00),('3-038','TwinDouble',200.00),('3-039','TwinDouble',200.00),('3-040','TwinDouble',200.00),('3-041','TwinDouble',200.00),('3-042','TwinDouble',200.00),('3-043','TwinDouble',200.00),('3-044','TwinDouble',200.00),('3-045','TwinDouble',200.00),('3-046','TwinDouble',200.00),('3-047','TwinDouble',200.00),('3-048','TwinDouble',200.00),('3-049','TwinDouble',200.00),('3-050','TwinDouble',200.00),('3-051','TwinDouble',200.00),('3-052','TwinDouble',200.00),('3-053','TwinDouble',200.00),('3-054','TwinDouble',200.00),('3-055','TwinDouble',200.00),('3-056','TwinDouble',200.00),('3-057','TwinDouble',200.00),('3-058','TwinDouble',200.00),('3-059','TwinDouble',200.00),('3-060','TwinDouble',200.00),('3-061','TwinDouble',200.00),('3-062','TwinDouble',200.00),('3-063','TwinDouble',200.00),('3-064','TwinDouble',200.00),('3-065','TwinDouble',200.00),('3-066','TwinDouble',200.00),('3-067','TwinDouble',200.00),('3-068','TwinDouble',200.00),('3-069','TwinDouble',200.00),('3-070','TwinDouble',200.00),('3-071','TwinDouble',200.00),('3-072','TwinDouble',200.00),('3-073','TwinDouble',200.00),('3-074','TwinDouble',200.00),('3-075','TwinDouble',200.00),('3-076','TwinDouble',200.00),('3-077','TwinDouble',200.00),('3-078','TwinDouble',200.00),('3-079','TwinDouble',200.00),('3-080','TwinDouble',200.00),('3-081','TwinDouble',200.00),('3-082','TwinDouble',200.00),('3-083','TwinDouble',200.00),('3-084','TwinDouble',200.00),('3-085','TwinDouble',200.00),('3-086','TwinDouble',200.00),('3-087','TwinDouble',200.00),('3-088','TwinDouble',200.00),('3-089','TwinDouble',200.00),('3-090','TwinDouble',200.00),('3-091','TwinDouble',200.00),('3-092','TwinDouble',200.00),('3-093','TwinDouble',200.00),('3-094','TwinDouble',200.00),('3-095','TwinDouble',200.00),('3-096','TwinDouble',200.00),('3-097','TwinDouble',200.00),('3-098','TwinDouble',200.00),('3-099','TwinDouble',200.00),('3-100','TwinDouble',200.00),('3-101','TwinDouble',200.00),('3-102','TwinDouble',200.00),('3-103','TwinDouble',200.00),('3-104','TwinDouble',200.00),('3-105','TwinDouble',200.00),('3-106','TwinDouble',200.00),('3-107','TwinDouble',200.00),('3-108','TwinDouble',200.00),('3-109','TwinDouble',200.00),('3-110','TwinDouble',200.00),('3-111','TwinDouble',200.00),('3-112','TwinDouble',200.00),('3-113','TwinDouble',200.00),('3-114','TwinDouble',200.00),('3-115','TwinDouble',200.00),('3-116','TwinDouble',200.00),('3-117','TwinDouble',200.00),('3-118','TwinDouble',200.00),('3-119','TwinDouble',200.00),('3-120','TwinDouble',200.00),('3-121','TwinDouble',200.00),('3-122','TwinDouble',200.00),('3-123','TwinDouble',200.00),('3-124','TwinDouble',200.00),('3-125','TwinDouble',200.00),('3-126','TwinDouble',200.00),('3-127','TwinDouble',200.00),('3-128','TwinDouble',200.00),('3-129','TwinDouble',200.00),('3-130','TwinDouble',200.00),('3-131','TwinDouble',200.00),('3-132','TwinDouble',200.00),('3-133','TwinDouble',200.00),('3-134','TwinDouble',200.00),('3-135','TwinDouble',200.00),('3-136','TwinDouble',200.00),('3-137','TwinDouble',200.00),('3-138','TwinDouble',200.00),('3-139','TwinDouble',200.00),('3-140','TwinDouble',200.00),('3-141','TwinDouble',200.00),('3-142','TwinDouble',200.00),('3-143','TwinDouble',200.00),('3-144','TwinDouble',200.00),('3-145','TwinDouble',200.00),('3-146','TwinDouble',200.00),('3-147','TwinDouble',200.00),('3-148','TwinDouble',200.00),('3-149','TwinDouble',200.00),('3-150','TwinDouble',200.00),('3-151','TwinDouble',200.00),('3-152','TwinDouble',200.00),('3-153','TwinDouble',200.00),('3-154','TwinDouble',200.00),('3-155','TwinDouble',200.00),('3-156','TwinDouble',200.00),('3-157','TwinDouble',200.00),('3-158','TwinDouble',200.00),('3-159','TwinDouble',200.00),('3-160','TwinDouble',200.00),('3-161','TwinDouble',200.00),('3-162','TwinDouble',200.00),('3-163','TwinDouble',200.00),('3-164','TwinDouble',200.00),('3-165','TwinDouble',200.00),('3-166','TwinDouble',200.00),('3-167','TwinDouble',200.00),('3-168','TwinDouble',200.00),('3-169','TwinDouble',200.00),('3-170','TwinDouble',200.00),('3-171','TwinDouble',200.00),('3-172','TwinDouble',200.00),('3-173','TwinDouble',200.00),('3-174','TwinDouble',200.00),('3-175','TwinDouble',200.00),('3-176','TwinDouble',200.00),('3-177','TwinDouble',200.00),('3-178','TwinDouble',200.00),('3-179','TwinDouble',200.00),('3-180','TwinDouble',200.00),('3-181','TwinDouble',200.00),('3-182','TwinDouble',200.00),('3-183','TwinDouble',200.00),('3-184','TwinDouble',200.00),('3-185','TwinDouble',200.00),('3-186','TwinDouble',200.00),('3-187','TwinDouble',200.00),('3-188','TwinDouble',200.00),('3-189','TwinDouble',200.00),('3-190','TwinDouble',200.00),('3-191','TwinDouble',200.00),('3-192','TwinDouble',200.00),('3-193','TwinDouble',200.00),('3-194','TwinDouble',200.00),('3-195','TwinDouble',200.00),('3-196','TwinDouble',200.00),('3-197','TwinDouble',200.00),('3-198','TwinDouble',200.00),('3-199','TwinDouble',200.00),('3-200','TwinDouble',200.00),('3-201','TwinDouble',200.00),('3-202','TwinDouble',200.00),('3-203','TwinDouble',200.00),('3-204','TwinDouble',200.00),('3-205','TwinDouble',200.00),('3-206','TwinDouble',200.00),('3-207','TwinDouble',200.00),('3-208','TwinDouble',200.00),('3-209','TwinDouble',200.00),('3-210','TwinDouble',200.00),('3-211','TwinDouble',200.00),('3-212','TwinDouble',200.00),('3-213','TwinDouble',200.00),('3-214','TwinDouble',200.00),('3-215','TwinDouble',200.00),('3-216','TwinDouble',200.00),('3-217','TwinDouble',200.00),('3-218','TwinDouble',200.00),('3-219','TwinDouble',200.00),('3-220','TwinDouble',200.00),('3-221','TwinDouble',200.00),('3-222','TwinDouble',200.00),('3-223','TwinDouble',200.00),('3-224','TwinDouble',200.00),('3-225','TwinDouble',200.00),('3-226','TwinDouble',200.00),('3-227','TwinDouble',200.00),('3-228','TwinDouble',200.00),('3-229','TwinDouble',200.00),('3-230','TwinDouble',200.00),('3-231','TwinDouble',200.00),('3-232','TwinDouble',200.00),('3-233','TwinDouble',200.00),('3-234','TwinDouble',200.00),('3-235','TwinDouble',200.00),('3-236','TwinDouble',200.00),('3-237','TwinDouble',200.00),('3-238','TwinDouble',200.00),('3-239','TwinDouble',200.00),('3-240','TwinDouble',200.00),('3-241','TwinDouble',200.00),('3-242','TwinDouble',200.00),('3-243','TwinDouble',200.00),('3-244','TwinDouble',200.00),('3-245','TwinDouble',200.00),('3-246','TwinDouble',200.00),('3-247','TwinDouble',200.00),('3-248','TwinDouble',200.00),('3-249','TwinDouble',200.00),('3-250','TwinDouble',200.00),('3-251','TwinDouble',200.00),('3-252','TwinDouble',200.00),('3-253','TwinDouble',200.00),('3-254','TwinDouble',200.00),('3-255','TwinDouble',200.00),('3-256','TwinDouble',200.00),('3-257','TwinDouble',200.00),('3-258','TwinDouble',200.00),('3-259','TwinDouble',200.00),('3-260','TwinDouble',200.00),('3-261','TwinDouble',200.00),('3-262','TwinDouble',200.00),('3-263','TwinDouble',200.00),('3-264','TwinDouble',200.00),('3-265','TwinDouble',200.00),('3-266','TwinDouble',200.00),('3-267','TwinDouble',200.00),('3-268','TwinDouble',200.00),('3-269','TwinDouble',200.00),('3-270','TwinDouble',200.00),('3-271','TwinDouble',200.00),('3-272','TwinDouble',200.00),('3-273','TwinDouble',200.00),('3-274','TwinDouble',200.00),('3-275','TwinDouble',200.00),('3-276','TwinDouble',200.00),('3-277','TwinDouble',200.00),('3-278','TwinDouble',200.00),('3-279','TwinDouble',200.00),('3-280','TwinDouble',200.00),('3-281','TwinDouble',200.00),('3-282','TwinDouble',200.00),('3-283','TwinDouble',200.00),('3-284','TwinDouble',200.00),('3-285','TwinDouble',200.00),('3-286','TwinDouble',200.00),('3-287','TwinDouble',200.00),('3-288','TwinDouble',200.00),('3-289','TwinDouble',200.00),('3-290','TwinDouble',200.00),('3-291','TwinDouble',200.00),('3-292','TwinDouble',200.00),('3-293','TwinDouble',200.00),('3-294','TwinDouble',200.00),('3-295','TwinDouble',200.00),('3-296','TwinDouble',200.00),('3-297','TwinDouble',200.00),('3-298','TwinDouble',200.00),('3-299','TwinDouble',200.00),('3-300','TwinDouble',200.00),('4-001','HollywoodTwin',500.00),('4-002','HollywoodTwin',500.00),('4-003','HollywoodTwin',500.00),('4-004','HollywoodTwin',500.00),('4-005','HollywoodTwin',500.00),('4-006','HollywoodTwin',500.00),('4-007','HollywoodTwin',500.00),('4-008','HollywoodTwin',500.00),('4-009','HollywoodTwin',500.00),('4-010','HollywoodTwin',500.00),('4-011','HollywoodTwin',500.00),('4-012','HollywoodTwin',500.00),('4-013','HollywoodTwin',500.00),('4-014','HollywoodTwin',500.00),('4-015','HollywoodTwin',500.00),('4-016','HollywoodTwin',500.00),('4-017','HollywoodTwin',500.00),('4-018','HollywoodTwin',500.00),('4-019','HollywoodTwin',500.00),('4-020','HollywoodTwin',500.00),('4-021','HollywoodTwin',500.00),('4-022','HollywoodTwin',500.00),('4-023','HollywoodTwin',500.00),('4-024','HollywoodTwin',500.00),('4-025','HollywoodTwin',500.00),('4-026','HollywoodTwin',500.00),('4-027','HollywoodTwin',500.00),('4-028','HollywoodTwin',500.00),('4-029','HollywoodTwin',500.00),('4-030','HollywoodTwin',500.00),('4-031','HollywoodTwin',500.00),('4-032','HollywoodTwin',500.00),('4-033','HollywoodTwin',500.00),('4-034','HollywoodTwin',500.00),('4-035','HollywoodTwin',500.00),('4-036','HollywoodTwin',500.00),('4-037','HollywoodTwin',500.00),('4-038','HollywoodTwin',500.00),('4-039','HollywoodTwin',500.00),('4-040','HollywoodTwin',500.00),('4-041','HollywoodTwin',500.00),('4-042','HollywoodTwin',500.00),('4-043','HollywoodTwin',500.00),('4-044','HollywoodTwin',500.00),('4-045','HollywoodTwin',500.00),('4-046','HollywoodTwin',500.00),('4-047','HollywoodTwin',500.00),('4-048','HollywoodTwin',500.00),('4-049','HollywoodTwin',500.00),('4-050','HollywoodTwin',500.00),('4-051','HollywoodTwin',500.00),('4-052','HollywoodTwin',500.00),('4-053','HollywoodTwin',500.00),('4-054','HollywoodTwin',500.00),('4-055','HollywoodTwin',500.00),('4-056','HollywoodTwin',500.00),('4-057','HollywoodTwin',500.00),('4-058','HollywoodTwin',500.00),('4-059','HollywoodTwin',500.00),('4-060','HollywoodTwin',500.00),('4-061','HollywoodTwin',500.00),('4-062','HollywoodTwin',500.00),('4-063','HollywoodTwin',500.00),('4-064','HollywoodTwin',500.00),('4-065','HollywoodTwin',500.00),('4-066','HollywoodTwin',500.00),('4-067','HollywoodTwin',500.00),('4-068','HollywoodTwin',500.00),('4-069','HollywoodTwin',500.00),('4-070','HollywoodTwin',500.00),('4-071','HollywoodTwin',500.00),('4-072','HollywoodTwin',500.00),('4-073','HollywoodTwin',500.00),('4-074','HollywoodTwin',500.00),('4-075','HollywoodTwin',500.00),('4-076','HollywoodTwin',500.00),('4-077','HollywoodTwin',500.00),('4-078','HollywoodTwin',500.00),('4-079','HollywoodTwin',500.00),('4-080','HollywoodTwin',500.00),('4-081','HollywoodTwin',500.00),('4-082','HollywoodTwin',500.00),('4-083','HollywoodTwin',500.00),('4-084','HollywoodTwin',500.00),('4-085','HollywoodTwin',500.00),('4-086','HollywoodTwin',500.00),('4-087','HollywoodTwin',500.00),('4-088','HollywoodTwin',500.00),('4-089','HollywoodTwin',500.00),('4-090','HollywoodTwin',500.00),('4-091','HollywoodTwin',500.00),('4-092','HollywoodTwin',500.00),('4-093','HollywoodTwin',500.00),('4-094','HollywoodTwin',500.00),('4-095','HollywoodTwin',500.00),('4-096','HollywoodTwin',500.00),('4-097','HollywoodTwin',500.00),('4-098','HollywoodTwin',500.00),('4-099','HollywoodTwin',500.00),('4-100','HollywoodTwin',500.00),('5-001','Parlour',800.00),('5-002','Parlour',800.00),('5-003','Parlour',800.00),('5-004','Parlour',800.00),('5-005','Parlour',800.00),('5-006','Parlour',800.00),('5-007','Parlour',800.00),('5-008','Parlour',800.00),('5-009','Parlour',800.00),('5-010','Parlour',800.00),('5-011','Parlour',800.00),('5-012','Parlour',800.00),('5-013','Parlour',800.00),('5-014','Parlour',800.00),('5-015','Parlour',800.00),('5-016','Parlour',800.00),('5-017','Parlour',800.00),('5-018','Parlour',800.00),('5-019','Parlour',800.00),('5-020','Parlour',800.00),('5-021','Parlour',800.00),('5-022','Parlour',800.00),('5-023','Parlour',800.00),('5-024','Parlour',800.00),('5-025','Parlour',800.00),('5-026','Parlour',800.00),('5-027','Parlour',800.00),('5-028','Parlour',800.00),('5-029','Parlour',800.00),('5-030','Parlour',800.00),('5-031','Parlour',800.00),('5-032','Parlour',800.00),('5-033','Parlour',800.00),('5-034','Parlour',800.00),('5-035','Parlour',800.00),('5-036','Parlour',800.00),('5-037','Parlour',800.00),('5-038','Parlour',800.00),('5-039','Parlour',800.00),('5-040','Parlour',800.00),('5-041','Parlour',800.00),('5-042','Parlour',800.00),('5-043','Parlour',800.00),('5-044','Parlour',800.00),('5-045','Parlour',800.00),('5-046','Parlour',800.00),('5-047','Parlour',800.00),('5-048','Parlour',800.00),('5-049','Parlour',800.00),('5-050','Parlour',800.00),('5-051','Parlour',800.00),('5-052','Parlour',800.00),('5-053','Parlour',800.00),('5-054','Parlour',800.00),('5-055','Parlour',800.00),('5-056','Parlour',800.00),('5-057','Parlour',800.00),('5-058','Parlour',800.00),('5-059','Parlour',800.00),('5-060','Parlour',800.00),('5-061','Parlour',800.00),('5-062','Parlour',800.00),('5-063','Parlour',800.00),('5-064','Parlour',800.00),('5-065','Parlour',800.00),('5-066','Parlour',800.00),('5-067','Parlour',800.00),('5-068','Parlour',800.00),('5-069','Parlour',800.00),('5-070','Parlour',800.00),('6-001','Suite',1000.00),('6-002','Suite',1000.00),('6-003','Suite',1000.00),('6-004','Suite',1000.00),('6-005','Suite',1000.00),('6-006','Suite',1000.00),('6-007','Suite',1000.00),('6-008','Suite',1000.00),('6-009','Suite',1000.00),('6-010','Suite',1000.00),('6-011','Suite',1000.00),('6-012','Suite',1000.00),('6-013','Suite',1000.00),('6-014','Suite',1000.00),('6-015','Suite',1000.00),('6-016','Suite',1000.00),('6-017','Suite',1000.00),('6-018','Suite',1000.00),('6-019','Suite',1000.00),('6-020','Suite',1000.00),('6-021','Suite',1000.00),('6-022','Suite',1000.00),('6-023','Suite',1000.00),('6-024','Suite',1000.00),('6-025','Suite',1000.00),('6-026','Suite',1000.00),('6-027','Suite',1000.00),('6-028','Suite',1000.00),('6-029','Suite',1000.00),('6-030','Suite',1000.00);
/*!40000 ALTER TABLE `room` ENABLE KEYS */;
UNLOCK TABLES;

--
-- Table structure for table `service`
--

DROP TABLE IF EXISTS `service`;
/*!40101 SET @saved_cs_client     = @@character_set_client */;
/*!40101 SET character_set_client = utf8 */;
CREATE TABLE `service` (
  `sid` int(10) unsigned NOT NULL AUTO_INCREMENT,
  `oid` int(11) unsigned DEFAULT NULL,
  `name` varchar(45) NOT NULL,
  `price` decimal(8,2) NOT NULL,
  `time` datetime NOT NULL,
  PRIMARY KEY (`sid`),
  KEY `fk_service_1` (`oid`),
  CONSTRAINT `fk_service_1` FOREIGN KEY (`oid`) REFERENCES `orders` (`id`) ON DELETE NO ACTION ON UPDATE NO ACTION
) ENGINE=InnoDB AUTO_INCREMENT=25 DEFAULT CHARSET=latin1;
/*!40101 SET character_set_client = @saved_cs_client */;

--
-- Dumping data for table `service`
--

LOCK TABLES `service` WRITE;
/*!40000 ALTER TABLE `service` DISABLE KEYS */;
INSERT INTO `service` VALUES (1,19,'laundry',10.00,'2013-10-06 11:15:47'),(2,23,'Coke',3.50,'2013-10-06 13:23:09'),(3,23,'CHONG HUA',12.00,'2013-10-06 13:23:23'),(4,23,'Fast noddle',30.00,'2013-10-06 13:28:59'),(5,23,'Laundry',34.00,'2013-10-06 13:28:54'),(6,23,'whatever',1.00,'2013-10-06 13:38:48'),(7,23,'drinks',100.00,'2013-10-06 13:40:33'),(8,23,'lunch',8.00,'2013-10-06 13:43:58'),(9,23,'dinner',10.00,'2013-10-06 13:48:09'),(10,23,'dinner',20.00,'2013-10-06 13:48:11'),(11,24,'coke',3.50,'2013-10-06 14:00:07'),(12,24,'dinner',15.00,'2013-10-06 14:00:22'),(13,25,'Wine',197.00,'2013-10-06 14:08:13'),(14,27,'sda',15.00,'2013-10-06 14:09:30'),(15,27,'as',40.00,'2013-10-06 14:09:39'),(16,29,'Water',2.50,'2013-10-06 14:21:35'),(17,29,'wine',386.00,'2013-10-06 14:21:40'),(18,29,'Cigarette',30.00,'2013-10-06 14:22:01'),(19,29,'special service',499.00,'2013-10-06 14:22:30'),(20,54,'asd',2.10,'2013-10-06 15:45:01'),(21,54,'asd',23.00,'2013-10-06 15:45:12'),(22,15,'drinks',4.00,'2013-10-12 11:46:47'),(23,12,'drink',3.00,'2013-10-12 16:53:49'),(24,12,'laundry',5.00,'2013-10-12 16:55:27');
/*!40000 ALTER TABLE `service` ENABLE KEYS */;
UNLOCK TABLES;
/*!40103 SET TIME_ZONE=@OLD_TIME_ZONE */;

/*!40101 SET SQL_MODE=@OLD_SQL_MODE */;
/*!40014 SET FOREIGN_KEY_CHECKS=@OLD_FOREIGN_KEY_CHECKS */;
/*!40014 SET UNIQUE_CHECKS=@OLD_UNIQUE_CHECKS */;
/*!40101 SET CHARACTER_SET_CLIENT=@OLD_CHARACTER_SET_CLIENT */;
/*!40101 SET CHARACTER_SET_RESULTS=@OLD_CHARACTER_SET_RESULTS */;
/*!40101 SET COLLATION_CONNECTION=@OLD_COLLATION_CONNECTION */;
/*!40111 SET SQL_NOTES=@OLD_SQL_NOTES */;

-- Dump completed on 2013-10-25 19:24:52
